question,answer,category,keywords,weight
驾驶证期满换证需要什么材料,驾驶证期满换证一般需要准备本人身份证原件、原驾驶证、近期证件照片或照片回执、符合要求的驾驶人体检证明。可通过交管服务平台在线申请，也可到车管所或政务服务中心窗口办理。建议在驾驶证到期前90日内申请。,驾驶证服务,驾驶证换证 期满换证 体检证明 照片回执,1.0
驾驶证到期多久前可以换证,驾驶证一般可在有效期满前90日内申请换证。已经逾期但未超过规定宽限范围的，通常仍可申请，但需先确认是否存在记分、违法未处理或其他限制情形。具体以当地车管部门规定为准。,驾驶证服务,驾驶证到期 提前换证 换证时间,1.0
驾驶证丢了怎么补办,驾驶证遗失后可通过交管平台在线申请补证，或持本人身份证、照片回执到车管所窗口办理。申请前应确认驾驶证状态正常且未被暂扣、注销或吊销。补证成功后可选择邮寄或现场领取新证。,驾驶证服务,驾驶证补证 驾照丢失 驾驶证遗失,1.0
驾驶证损毁还能换领吗,驾驶证污损、破损、照片模糊等影响正常使用时，可以申请损毁换领。办理时通常需要提供本人身份证、原损毁驾驶证和符合要求的照片材料，审核通过后重新制证。,驾驶证服务,驾驶证损毁 换领 损坏驾照,0.95
驾驶证审验怎么办理,大中型客货车驾驶人、校车驾驶人等需要按规定办理审验。通常需准备身份证、驾驶证、身体条件证明，并按要求参加审验教育。具体审验周期和方式以准驾车型和当地政策为准。,驾驶证服务,驾驶证审验 审验教育 A证 B证,0.95
驾驶证记分周期怎么查,驾驶证记分周期可通过交管12123、车管窗口或自助终端查询。系统会显示当前记分周期起止时间、累计记分情况和已处理违法记录，便于判断是否需要参加满分学习或审验教育。,驾驶证服务,记分周期 驾驶证扣分 查分,0.9
满分学习后怎么恢复驾驶资格,驾驶证在一个记分周期内记满12分后，应按要求参加满分教育和考试。完成学习、考试合格并处理完相关违法记录后，系统会恢复相应驾驶资格。办理前建议核查是否还有未缴罚款或未办结事项。,驾驶证服务,满分学习 12分恢复 驾驶资格恢复,0.9
驾驶人信息变更去哪里办,驾驶人联系方式、住址等信息变更可通过交管平台在线修改，或持本人身份证和驾驶证到车管所、交警服务窗口办理。信息变更后建议同步核验电子驾驶证和通知接收方式是否更新成功。,驾驶证服务,驾驶人信息变更 联系方式变更 住址变更,0.85
机动车年检怎么办理,机动车年检前应先确认交强险有效、违法记录已处理，并核查车辆是否在检验周期内。之后可在线预约检测站或直接到符合条件的检测机构办理，携带行驶证、保险凭证和车辆完成查验、检测，合格后更新检验标志。,机动车服务,机动车年检 车辆年检 检验预约,1.0
新车几年免检,非营运小微型载客汽车通常享受一定期限的免检政策，但免检并不等于不申领检验标志。车主仍需在规定时间内通过交管平台或窗口申领检验标志。具体免检年限和适用车型以现行交管政策为准。,机动车服务,新车免检 免检年限 检验标志,0.95
机动车过户需要什么手续,机动车过户一般需要买卖双方身份证明、机动车登记证书、行驶证、交易凭证、交强险凭证等材料。办理前应确认车辆无查封、无抵押或已解除抵押，并按要求完成车辆查验。受理后可办理转移登记并换发证件。,机动车服务,机动车过户 车辆过户 转移登记,1.0
二手车转籍怎么办理,二手车转籍前应先确认转入地对排放标准、指标条件和落户要求的限制。办理时通常需提交双方身份证明、车辆证件、交易凭证并完成查验。原登记地办理转出后，转入地再完成转入登记和号牌业务。,机动车服务,转籍 异地过户 二手车转入,0.95
行驶证丢了怎么补办,行驶证遗失可通过交管平台申请补领，或持车主身份证明、机动车登记信息到车管所窗口办理。补领前建议核对车辆状态、号牌和联系方式，补发后注意同步更新随车资料。,机动车服务,行驶证补办 行驶证丢失 车辆证件补领,0.95
机动车登记证书补办流程是什么,机动车登记证书遗失、损毁时，应由机动车所有人申请补发。通常需要提交车主身份证明、车辆识别信息和申请表，必要时接受车辆查验。审核通过后换发新的登记证书。,机动车服务,登记证书补办 大绿本补办 机动车登记证,0.9
机动车报废怎么办理,达到报废标准或因事故需报废的机动车，应交售给有资质的报废机动车回收拆解企业。回收企业出具相关证明后，车主可携带身份证明、车辆证件和报废回收证明办理注销登记。注销后不得继续上路行驶。,机动车服务,机动车报废 注销登记 报废车,0.9
车辆备案和委托办理需要什么材料,车辆备案或委托他人代办业务时，通常需要车主身份证明、受托人身份证明、授权委托书以及对应车辆证件。部分业务还要求录入电子委托信息或现场核验。具体按办理事项不同会有差异。,机动车服务,车辆备案 委托办理 授权委托书,0.85
违章怎么查询,机动车违章可通过交管12123、交警官网、自助终端或窗口查询。查询时通常需要绑定车辆和驾驶人信息，可查看违法时间、地点、记分、罚款金额和处理状态。建议定期核查，避免逾期影响年检或换证。,违法处理,违章查询 违法查询 扣分查询,1.0
违章处理流程是什么,处理交通违法时应先确认违法记录属实，再根据类型选择线上或线下处理。一般流程包括查询违法、确认责任、处理记分、缴纳罚款和再次核验状态。涉及一次记分较高、现场处罚或特殊车辆的，通常需要到窗口办理。,违法处理,违章处理 违法处理 缴纳罚款,1.0
违章罚款可以网上交吗,大部分普通交通违法罚款可通过交管12123、指定政务平台或银行渠道缴纳。缴费前应确认违法处理已正式生成处罚信息。若属于现场处罚、需当事人到场确认或证据存在争议的，可能需要线下办理。,违法处理,违章罚款 网上缴费 线上处理,0.95
对交通违法有异议怎么办,如对交通违法记录有异议，可保存行车记录、现场照片等证据，并按要求向交管部门提出复核或申诉申请。申诉期间应关注处理时限，必要时到违法处理窗口咨询受理条件和材料要求。,违法处理,违法申诉 异议复核 交通违法复议,0.9
驾驶证扣分会影响换证吗,若驾驶证存在未处理违法、未缴纳罚款或记分状态异常，可能影响换证、补证和审验等业务办理。建议在办理驾驶证业务前，先通过交管平台查询并处理相关违法记录，确保驾驶证状态正常。,违法处理,扣分换证 未处理违法 驾驶证状态,0.9
机动车号牌丢失怎么补办,机动车号牌遗失后，车主可通过交管平台或车管所申请补领。通常需要提交车主身份证明、车辆行驶证等材料，并按要求缴纳工本费。补领期间应按照规定处理车辆使用问题，避免无牌上路。,号牌服务,号牌补办 车牌丢失 牌照补领,1.0
号牌损坏可以换吗,号牌折损、字迹不清、变形严重时可申请换领。办理时一般需要交回损坏号牌，提交车主身份证明和行驶证，并按规定缴纳工本费。换牌后应及时规范安装新号牌。,号牌服务,换号牌 损坏车牌 车牌换领,0.95
新车选号怎么操作,新车选号通常可在交管平台预选号，也可到车管所现场选号。选号前应完成车辆购置税、交强险、查验等前置步骤。选号成功后按通知办理注册登记和号牌领取。,号牌服务,新车选号 预选号 上牌,0.95
保留原号牌需要什么条件,申请保留原号牌一般需满足号牌已使用满规定年限、车辆已办理转移或注销、申请时限符合要求等条件。不同业务场景和当地规定可能存在差异，建议办理前先咨询车管窗口或交管平台说明。,号牌服务,保留原号牌 原车牌保留 号牌延续,0.9
网约车驾驶员资格证怎么办理,网约车驾驶员从业资格办理通常包括资格条件核验、报名申请、背景审核、考试或培训等环节。申请人一般需具备相应驾龄、无严重违法犯罪记录，并符合当地交通运输部门规定。通过后方可从事网约车营运服务。,出行营运服务,网约车资格证 网约车从业 驾驶员从业资格,1.0
网约车车辆运输证怎么办理,网约车车辆运输证一般由符合条件的车辆向当地交通运输主管部门申请。办理时需提交车辆登记信息、车辆照片、保险资料、平台接入证明等材料，并满足车型、轴距、排放或新能源等当地准入要求。,出行营运服务,车辆运输证 网约车车辆许可 营运证,0.95
网约车资格证有地域限制吗,网约车驾驶员和车辆准入通常具有较强的属地管理特征。驾驶员户籍、居住证、车辆牌照、车型标准等，往往需要符合当地细则要求。跨城市运营前应先核查当地政策，避免不符合准入条件。,出行营运服务,网约车属地限制 网约车政策 地域要求,0.9
巡游出租车从业资格怎么办理,巡游出租车从业资格一般需提交身份证、驾驶证、无犯罪记录等材料，并按当地要求参加培训和考试。审核通过后发放从业资格证件，方可在出租车企业或平台从事相应营运服务。,出行营运服务,出租车从业资格 巡游出租车 资格证办理,0.88
道路客运经营许可申请流程是什么,道路客运经营许可通常需要申请主体具备车辆、人员、场站和安全管理制度等条件。申请人应向当地交通运输主管部门提交经营申请、车辆和人员证明材料、安全制度文件等，经审核通过后取得许可。,出行营运服务,道路客运许可 客运经营许可 营运许可,0.88
货运从业资格证怎么办理,普通货运、危险货物运输等从业资格办理条件不同，一般需具备相应驾龄和培训考试要求。申请人应按当地交通运输部门规定报名培训、参加考试并通过审核后领取相应从业资格证。,出行营运服务,货运从业资格 货运资格证 道路运输,0.88
交通事故后先做什么,发生交通事故后，应先确保人员安全，按规定开启危险报警闪光灯、设置警示标志并及时报警或联系保险。若有人员受伤，应优先救助并保护现场。后续根据事故类型办理责任认定、保险理赔和车辆维修等事项。,事故处理,交通事故 事故处理 保险理赔,0.9
轻微交通事故可以快处吗,符合快处条件的轻微交通事故，通常可通过交管快处平台、交警指导或保险快处方式处理。处理前应拍照取证、确认责任、保留车辆和现场关键信息，再按要求上传材料或到指定点办理。,事故处理,轻微事故 快处快赔 事故快处,0.88
事故认定书一般多久出,交通事故责任认定书出具时间会根据事故复杂程度、是否需要检验鉴定以及人员伤亡情况而有所不同。一般简易程序较快，普通程序则需结合调查情况确定，具体以承办交警部门通知为准。,事故处理,事故认定书 责任认定 出具时间,0.85
交强险到期会影响年检吗,交强险过期通常会影响机动车检验、上路行驶和部分交管业务办理。建议在年检前先核查保险是否有效，并及时续保。若发生事故或被查处，保险到期还可能带来额外风险和责任。,机动车服务,交强险 年检 保险到期,0.9
电子驾驶证怎么申领,电子驾驶证通常可通过交管12123在线申领，按提示完成身份核验和照片确认后即可生成。申领成功后可在支持的场景下出示使用，但部分线下业务可能仍需核验实体证件。,驾驶证服务,电子驾驶证 12123 申领电子驾照,0.88
电子行驶证或电子检验标志怎么查看,电子检验标志等电子证照可通过交管平台或相关政务平台查看。登录后绑定车辆即可查看有效期、检验状态等信息。使用前建议确认当地是否全面支持电子证照出示。,机动车服务,电子检验标志 电子行驶证 电子证照,0.85
